{"is_source_file": true, "format": "bash", "description": "This script automates the detection and backup process for various databases (SQLite, PostgreSQL, MySQL, MongoDB). It checks for the presence and running state of each database type, then executes the appropriate backup commands. It is designed to be a comprehensive database backup utility.", "external_files": ["/usr/lib/postgresql/", "/var/run/mysqld/mysqld.sock"], "external_methods": ["ls", "sudo", "pg_isready", "mysqladmin", "mysql", "mysqldump", "mongosh", "mongodump"], "published": [], "classes": [], "methods": [], "calls": ["ls", "echo", "cp", "pg_isready", "mysqladmin", "mysql", "mysqldump", "mongosh", "mongodump", "sudo", "exit"], "search-terms": ["backup_db.sh", "database backup script", "SQLite", "PostgreSQL", "MySQL", "MongoDB", "db_name", "db_user", "db_password", "db_port", "database_backup"], "state": 2, "file_id": 4, "knowledge_revision": 12, "git_revision": "b7f440e7fe41b12adf73ac4f94a9b9b6d016b2a0", "hash": "7af9aa35fa4940f934d83f6e2621b732", "format-version": 4, "code-base-name": "database", "filename": "database/backup_db.sh", "revision_history": [{"12": "b7f440e7fe41b12adf73ac4f94a9b9b6d016b2a0"}]}