{"is_source_file": true, "format": "bash script", "description": "A PostgreSQL startup and setup script that initializes, starts, and configures a database environment, including user and permission setup, connection info storage, and environment variable exports.", "external_files": ["/usr/lib/postgresql/", "/var/lib/postgresql/data/", "db_connection.txt", "db_visualizer/postgres.env"], "external_methods": ["ls", "head", "sudo", "pg_isready", "pgrep", "psql", "initdb", "createdb", "cat", "sleep"], "published": [], "classes": [], "methods": [], "calls": ["ls", "head", "sudo -u postgres ${PG_BIN}/pg_isready", "sudo -u postgres ${PG_BIN}/psql", "pgrep -f", "sudo -u postgres ${PG_BIN}/initdb", "sudo -u postgres ${PG_BIN}/postgres", "sleep", "sudo -u postgres ${PG_BIN}/createdb", "cat", "echo", "sudo -u postgres ${PG_BIN}/psql", "GRANT", "\n\\dn+"], "search-terms": ["PostgreSQL setup script", "startup bash script", "database initialization", "PostgreSQL user and permission setup", "database connection configuration"], "state": 2, "file_id": 5, "knowledge_revision": 13, "git_revision": "b7f440e7fe41b12adf73ac4f94a9b9b6d016b2a0", "hash": "fa2aa67ea0a7c72f7c0958282f15a864", "format-version": 4, "code-base-name": "database", "filename": "database/startup.sh", "revision_history": [{"13": "b7f440e7fe41b12adf73ac4f94a9b9b6d016b2a0"}]}