{"is_source_file": true, "format": "bash", "description": "A shell script to detect backup files and restore various types of databases (SQLite, PostgreSQL, MySQL, MongoDB).", "external_files": ["mysqladmin", "psql", "mongosh", "mongorestore"], "external_methods": ["mysqladmin ping", "psql <", "mongosh --port", "mongorestore --archive"], "published": [], "classes": [], "methods": [], "calls": ["cp", "ls", "sudo -u postgres pg_isready", "psql", "mysqladmin ping", "mysql", "mongosh --eval", "mongorestore --archive"], "search-terms": ["restore_db", "backup", "database restore", "bash script", "SQLite", "PostgreSQL", "MySQL", "MongoDB", "database backup"], "state": 2, "file_id": 6, "knowledge_revision": 11, "git_revision": "b7f440e7fe41b12adf73ac4f94a9b9b6d016b2a0", "hash": "67505395c0df4c9c001ab8f47571f3fb", "format-version": 4, "code-base-name": "database", "filename": "database/restore_db.sh", "revision_history": [{"11": "b7f440e7fe41b12adf73ac4f94a9b9b6d016b2a0"}]}