{"is_source_file": true, "format": "HTML", "description": "This is an HTML file containing the structure, styles, and client-side JavaScript for a web-based database viewer interface. It provides UI components to browse databases, tables, and view data, with functions handling fetching data via API and rendering interactive tables.", "external_files": ["/api/databases", "/api/{db}/tables", "/api/{db}/tables/{tableName}/data"], "external_methods": ["fetch"], "published": [], "classes": [], "methods": [{"name": "loadDatabases", "description": "Fetches the list of databases and populates the sidebar menu."}, {"name": "refreshDatabases", "description": "Refreshes the database list, resetting UI states."}, {"name": "toggleDatabase", "description": "Expands/collapses a database's table list and loads tables."}, {"name": "loadTables", "description": "Fetches and displays tables for a selected database."}, {"name": "loadTableData", "description": "Fetches and displays data from the selected table."}, {"name": "renderTable", "description": "Generates an HTML table representation of data."}, {"name": "renderCell", "description": "Creates individual cell HTML, including handling large or object content."}, {"name": "expandCell", "description": "Expands or collapses cell content on click."}], "calls": ["fetchData('/api/databases')", "fetchData(`/api/${db}/tables`)", "fetchData(`/api/${db}/tables/${tableName}/data?limit=50`)"], "search-terms": ["database viewer", "client-side JavaScript", "HTML interface", "API fetch", "data table rendering", "interactive SQL data viewer"], "state": 2, "file_id": 1, "knowledge_revision": 14, "git_revision": "b7f440e7fe41b12adf73ac4f94a9b9b6d016b2a0", "hash": "ee63333a4841bf025439c755a74c9881", "format-version": 4, "code-base-name": "database", "filename": "database/db_visualizer/public/index.html", "revision_history": [{"14": "b7f440e7fe41b12adf73ac4f94a9b9b6d016b2a0"}]}